,tp_area,fp_area,fn_area,tn_area,tp_bui_area,fp_bui_area,fn_bui_area,tn_bui_area,fp_count,tp_count,fn_count,tn_count,fp_pos_count,tp_pos_count,fn_pos_count,tn_pos_count,total_area,total_buildings_count,built_area,union_area,union_count,union_pos_count,positive_predict_area,kfold,ds
0,5761.299202644019,5797.664158734867,6775.337331888437,3914002.5752640646,5900.354717108477,3349.6345289693277,6775.337331888535,3916451.0146365976,43,67,41,11875,44,66,21,11895,3932160.0,12026,1282054.8634642442,18334.300693267323,151,131,11482.8125,1,testing
1,6351.785099257799,14424.804604406447,3988.6515852590546,3907504.0919566033,6542.006022170152,7741.788715061233,3988.651585259222,3914211.3723844923,101,66,30,11829,101,66,20,11839,3932160.0,12026,1282054.8634642442,24765.241288923302,197,187,20680.9375,1,testing_alt
